0x1a73e7a29c6e98d7fab824dfe4dd8fc0c6a2d4a280b1d0c14fa517ea0a3882ed,0
0x0ffc5512b6f61d9ebadd84ccd6c2f63ddbb5a615d342addd0c8915a32c794117,0
0x3975aa91ed6afb4fb1d43c349f4db4e17dfc890d59c10a9dd32101333e02c7a5,0
0xbc38326d3790fdae50c13ab323bb74bbdb044f3a2c1592042eb5f94dbf0398dc,0
0x66a47e6ffb13e6b2b3cfb6b02018a50baa6026d68fc76a6ee962a47aaf59821f,0
0xa2c3b2ebfeed30f463587edd244aba553baf8e0b5547b68e403bef9e44b683bd,0
0x1ea671080f4e75681befc829925636a44bb5de0ebead87c6558b21c0e2d83148,0
0xe1c50e9112c63b04a538626ba113b3ed14c9d1da53ece1560097d321935ab526,0
0x5bfbf33e9d34e9648b434bd178bb2c3aa45e4549f9c1286234d49e9635e8f982,0
0x34c59766e621f4aabf146128c0aaaf3477224a864f7ca60e5b78347433d808d1,0
0xf262052786f8042c556ad4ccbb7734f27e27e6589eb215b389e9c1b21ce03318,0
0x987183068f1489e4cf3cc12ee0ffc80b4a3bfe4e218c8677023852e002c1da2a,0
0x25023987e08f52ce494f98b5edfb1752d33caaa6d81bce1245727f5d65eb6a86,0
0x70a4e4a65e3deb12b4fb2040ff0c5c0446fd4aa0b7d2bcb5a540c0cd7f3ebae7,0
0xa5327122c4675431b39096b78bb5d0e8d28726507cd74b61e32b9449d0744b44,0
0x4f8b6d96cb60676c9ed302f39a86152212579123ee7dd91156503dbdf4a09b23,0
0xf55e1885b57e48302c79372d3baa0e601c0093bd98b1ff17d043be28bfd99f1d,0
0x32f0a8bae65232719a92b5c571b49a2efe7b6c6cfb8b796b843d91e3bf114050,0
0xe994af71ec647619ccb178f8fa7070540caebfba8659d0a809ea42a989c58ea1,0
0x55c057faf9ba1ae6fdf4c81195331e509467e44b7cb068228e3bd964fb680887,0
0x242b67de551a998916daf4032c1d37fd658d3a18d5504cff253339560cc41623,0
0x8d5aabea0190d9361caf685da760ec4b931d9e0a8bd6e3b6e3074dcf6fa3af0f,0
0xe7601b2baccf6a941de5e764bc1283657b02398e192d839552f9cc5ab17fde47,0
0xcd4fbecacb2a82e3f0b146f1c39ad9a5fa1bacb3b6749fbdaef09f9549311ca2,0
0xe3dcf58f51f62727006f097bf60155ff3e647a8cec3d8640a52dbbccdf43b921,0
0xb887c87c909fc2eba526030510019c734bac01e4dee59ac0e5f0a35732bbc4b9,0
0x3917a3be65fd902900665f1a150fc3d6e92d9945a724761faa86b35db8bd30ad,0
0x9f51944ccf4db7016dc5058daa49100e990379821b6e2ca5fd41f6db38dc32cf,0
0x68eb6ca4dc4562580b5a0c36aca6060221391c7cca577cdd4c97f4534019f915,0
0x9e030c9b4c6ccc597e58299a5c00532a6ed442f9e043daa11c9b1ef5da9e1959,0
0xa3f19afde33d030b28e716e958ca2ea17e56f92215a53e7367f07a9f9836c8af,0
0x2e442fe2bdf97036e2af7539c711a71b56e3baa8b0ce34a0dc6c3ea9450897c1,0
0x01a0326aecb32806332058634a12103892824f505ac5c5ab35dff0f74f22d5ff,0
0x9d7953d483ec74dcb228585cf298b7c82dd2ec53cac61c92117eef7161105888,0
0x3874fed199d651fc4ec863315c1257dd3875a022bf44928a8aedc5f982e5df99,0
0xbf6475239ff87f409baf887f5d1bebd5de2666acadbf482e8e0f77b5230bb940,0
0xacd69d7e8921ad6d37dddaeded8c0a0a3407efcbe2f264aaf8f76908442f610d,0
0xf7cf6cd756e6fafa5cb2bebcb6367897a634c1e9562d2c672009866567dc08ca,0
0xfd3d07bf9faf9d423c71ea8024cc3e10a72396c049f98e585baa2454c30efbaa,0
0xff43d8bc1fe8efcd1a2c37b7d32b75af5d46595d1eb53d5374e73edb444696f7,0
0xd8db1d0858ec36af4e3a1e789fe243de69eaee20d24cf1e32d26276841ae4e4a,0
0xde93a6d06e87e4083eecd71081d3640344abc3c8fc7d769a42691a75f55511e2,0
0xe2e0364b360ae7acc9c5cf3663789d5742cdca10cc8692a50dac8c41aec5e40b,0
0xb06cf941353f4c5a615799bc7341d621123ab56187f854420ee145733cdcd0d0,0
0xd9be2cba6084ebca4ca4d9ac3364ad1c4508b466728e047688cdc19f84216c2e,0
0x5621ea99bedf12f2e49ea2a9cdb3452f4b0e31b2e0a23f815afd78d76180dd2a,0
0x29fe615fdc9de274460f92e59d99688da4016ec4257ee41add758ddf9b71302f,0
0x6afa2425159b0c3783e6f98010aa0533da60d2e8277582ae1236321dcbc80455,0
0x9a579d1ccb465d894c09e7d8b0c8f7b720acffa89680ded62570a9200964cff7,0
0x1660e1f27ded776421f7f689c89c1d19b1a4c4e449cfa8ab70059ea81c0afc80,0
0x1e95f2c92f2154c5e8539b5ec0a2a55d191684d2f6d7a056a58c4f9880993c7c,0
0x80e56c35d678df6fdb8b41faba55cc8099f4306a71ac068d6c115b9db8785580,0
0x6e74761463267ffc355ade25462881be6dd23a69ee0ffcd7983a615ee4c2d3a4,0
0x7afb750be9bd836e2afaf97cb7f082ff5a7bde0bda54d9bf41d66cd6b2c9e7ec,0
0x1c860da47377e8e8f2e86dab86e5fbae74428536073ce4c1a6a835ca4f67761f,0
0x81674a1d2f6b50c0c8c302331293709f03acd38fe99a3b8b949c4292d2d7bfca,0
0x6b5bc4e23704e365524a81be989385a29d9a8b3c017f9b69abd0e4e52df5b297,0
0x18e6d94def647553353a7d67a7d1193656f23def667218d35636c84d917b88c2,0
0x97b8df3aaee987b6795ce3e346ae0e5bb48a90b8bccb7995bd23ddbab643a69d,0
0x11f9d6b8187280370dff00e66357bfee77b019888299457c3dfd6f7a2ff25d02,0
0xfe6d0e8087ba1c137540007db3fadb2522525dd36072c97648bf3a4474ddd3a8,0
0x4112cea4f69e6fe1e699aa98492041e599aec155969e8aa590925cfa0c6d821e,0
0x2264b9b74e408f47d47500e532d9e04aaf90aeea0ab4a3886eafc9c03ceeadce,0
0xaaedfff360dbda86ed5e9d11ead5143212616fc20529d3a8f6b306de4ace0644,0
0xf3b25ddd457c325b924001a34d03c0e3f3952db8bb59204ef6ec586164f82476,0
0x5979c060acae769a73676bfc3f9ff53272497f54f254631542ccb3f539d790a4,0
0xd74e57ae4c5d4f1892fd37949fb7799563daf2b5178df370961ef28dce22ba0d,0
0xffdac7e01052c7ab683b765c96bcfeea3dc0eaafe09a98967f6e7954d5eb8a90,0
0xf8d18940be0c2f1a414b7019fec8ce91c48d517dbd391b29072f70fb38204eab,0
0x20ea351d8403938a51733a44dc85636f651b90bc42685a1207f8fba56dece9fa,0
0xab1c96d49d3f235f95a37070521bc0f8f7c75c2ad6a76526a3a9c7359549a041,0
0x009804ff35c8d93d82df948d98cda4d9b3392a89e492c1be23e10013d249b331,0
0x1550f494266faee3c2a248e547a371b947f8f0b1ddb6715ed4e99e7cc5584de3,0
0xf8da1fc6f6489901d191eadb582d8f1c1f3965a45e871715fe8562c2f24ae4b2,0
0x88f5f76ae9a6910f645ee065d405551fa9dd5b07fe13365b9966f55097f7e622,0
0x89f3d6b8ffe743e0c56967d40fa3a54ce17eb29781582fc6f18841351d780f7e,0
0x2d4bcca2cc5535515563857224065a09a7ef574e18fcd34f77cad1d265834a85,0
0xeb45ddf138eeffd5f7dd431a3439aa878fbee400640074934c29c74a797bd384,0
0x75b3da2062c3e21d03ec17799da09501bec86a856d2aa8ff5066a63d4e789156,0
0x1600dfe607a22edf3d44239f873d0d2320368da308a057c5aa306e3f2bb49a2e,0
0x6155ae8ad12895fa7feaa82929603d7ad5819c02f748fb7e4dd6c2a6931308e9,0
0xb37e18419f1385250928aaf4a893c466db0e71ca2f7a196508e1120fee43a377,0
0x20fabeee9b55e404cd0c589af187272a2173e5d5709cb6b614597e3a21f7fc5d,0
0xb13ba1a3262da4af64a5f15125071fa47ad0a0407e8c90fe53276cc5535513af,0
0x66808eb979db62746a2e6597b103b50be463d1feed4a28dc5489bb8088c120dd,0
0xc97f0f5b1dfef1d4fcbb32aec19aa78e331b817800b3752d8617a6eb8fe3af53,0
0x8512bdd284b6608dbdc2fe707d9ffa2627e91956f462ed27d4942ecd47d22946,0
0xa47353d5121984d6532404085bab4ae736603e4c45d1fcfa117c65a5b4cea849,0
0x59c625dc294524f886cc0a36391edccd29f6913ddcc38d334818a32de0de1416,0
0x2fa13e71b1cac65b7dea73844217fb4587d874c99ac3ce473296be8e054a6146,0
0x736b0f0789090b243939d2c5d02ff129b68dc1df96c3b37c3a7c665560cf0330,0
0x16a918a11182f6d7d634823b801211c6194e7a5a13b523f3023754605a78447e,0
0x60c309ad58b00ff260f0e4192203ddd4e8b6f419ca5a8c11575a5e9594aac0e3,0
0xd3db89b3eacd589f445ff294db63e22f34f1f5fed3b4dac2dadf64709e3f64fa,0
0x4cd46de716c9f91f43a3f7070f3dbb45996d3ce7b2e8f6dd4539faaa7763480d,0
0xd23cd8588fc446f2378d20c2f93624dd02287abbe7d02739edf30e7360edcf83,0
0x13f31db9da8e01d208cb888942a10cd081ca1a07d07a5a1dc4e24496706df201,0
0xc63cdd28df95fd93ae5c9e2aaec29a0aef13a1325c886e44eae2c286371ef1bd,0
0xfed358c3a2f4b4f7f2aaeeafc7b31120957b5efc2ef9786f3a5cfde209652e3a,0
0xba79666b9110d9cad9a1b88c9d73e446099c07d1e5a0fc7b2e1940b32d8871f6,0
0xc958640b9e1e5e8bf5698d4d6ab8a2e27a757c5cca8322121afa11543ff1a7fd,0
0x6e30066d1503e519c12a744f635b3b79cf0a33425c9be072148916308d6d10ae,0
0x2a932527d3efad44e59c95a7cf34dcb75d22ddeb6be261e20dd9d22544e0d828,0
0xef64528836d1bf4dcf820ff0efd6a0e7f3d18aa99f9a22b209b6fd8d766b9f29,0
0x68ed70889f61553a50fa38869f59ce7d7d39ea9b22f789721b3478b608058ec1,0
0x6fab882e609fd9eab7dc912bac64b58e9febc41eba0cba53b0a2c84b08062d42,0
0xa1f3844f8dc0b08469a2ea9cf9154f0d9ea912585a792027184f73e340f1491e,0
0x40f0578fc05f78ef956b4f835a4ebff3b0c1701533aeb729414b4eb169e1d836,0
0x74249425ebf99ab823b1e1cab17a78baf38927a08b4b60297a47a45ff3756bb3,0
0x878a1ccbe2cb2445b66031e5d049e0cce9f3e79395f4d4eff372211eecf78ad2,0
0x55e1ba1c46c5b53f540a455de07eea039e72ecd5c2eea667c20dff2f7d6e57a3,0
0x35d8910f5dcd0592239a669260d9bc6c8068063492d6933fe72b7475f5d11d56,0
0x8f4d096f02c29ed751d0cce266c7a451c3b57ad3dcf9acffc5362cd9c2bc2c6d,0
0x99ee60d817ccb53acd4f736275b84cf0ad3806519da758ae68832f0eb1cfae29,0
0x00f504fe67febfe015b89b97635ad8973482322d98dfb99d20f0dad435fd399a,0
0xe1995f483f8f1ddd3b17632214ae5426992216f41d2a15dc2c4222b75760f112,0
0x2e4647a7e622030aa792c0ce27ff7451554facd2c3ba3da0a7f692864c123a81,0
0xbd33709f2bb9fecf8598a33d8918a35008a7ba4a96c6991d428d3c967a7396a3,0
0xaa40bbff2d9a5f5e501b9014299d8f4008134adfdd26ae03a1891450cbc35338,0
0x669c4f4a2cf87a6e9e030b130aa1c1f1afc778fa5dd2d2f47f768eaeab9d2b11,0
0x4abb1b552e4142dcf0322b1cc84ba1ba2336b77ebb977fc7a29b0acca1d55602,0
0x8faddbf2099381e3c08f2ed21ce269ce7ea17e02b9790f50aaba953f5cf177f3,0
0x8a63143ea264ddc7129fe0deb9e072416be399fad239f0ee8cce30146e530708,0
0xd940375fd45be8144bdbb3e84c7e9df21ebc72c662e828dcafb2b4beeee2c5d0,0
0x1069c5dd7adf26280ad75b55852b74cf84fdf1c6a0660442452a457ea74eacdd,0
0x99cdfdda69e83007090419811cd28687a8042ceeec60c926145d741cc625a43a,0
0x41cf04d7546e389afbd4c6afd9f6071901723ccbc4d647b007cf22027faa8856,0
0x89e0f560404e8a7712fef90ba817b79c82e111b3f92fff0a9ba8640061449f0f,0
0x5898d1a623649d6734e47f0d027679756aef00196d1707a7b6605d4fbd4bde36,0
0xb3fa89bd4503ec735a69f2197dc30feb1589f03cde18f179a028c0b8eff5fc78,0
0x318f6cc9db670bcfabb2caa84b798281459a0262d4faa6ff73889d453fa9109c,0
0xdaffd2bae222fd74dbb048c3d76d735db5e963c25e518cb3db09261eaadaad22,0
0x420b48345875552c5c4cb1d3d365133691350013c6493d9e517fb111e6da86f1,0
0x0a543260cf886a3410af226dd2a2ace56b27a4b38d7420fede478697a79c2e43,0
0x7aaebd71a9e3aea38c68e0124b778a7a28180ca12987945b94f47901378d2f02,0
0xf3002fa619b95ceb8c2cc9a880598f786469de61bd9a6b6d75a63b1e22e79093,0
0xe6fc9f9adf91bcc522e7cbf64cecdf8a94f86b71b974009967a5b6fc2c7b35aa,0
0xb65672b2725b3b38aeed92db769ecbd260ec4a37d250561722ec18bc871d2fcf,0
0xafcb31af22ba42b114513ec095448d1092d951c233c8c7daf77e5d3d54f25319,0
0xc688386d550f076440be8041321229ae02dfa056c4f873e8f16910b6e6adda19,0
0xb9007cad452ae63425a3d9624c2eddf1dc8404427f6ad04c2c2e2661725dd7c8,0
0xf3932c27019385a824fc5323d6f4448d288fdc9e4195ba227d43eb881a9b9aa5,0
0xbe944b61d048ff4c25d8727d6383d2f81f3678bc1d9f3cff66fbf63e1a81bd67,0
0x3efbe920eff34fd0fb00be1f17ada0c7ae201711d24d4362a949351588802be7,0
0xac8a78cc1bd7c9813258cb7df5b37c15fb47c8b7b2941b16ee59115cfae02100,0
0x9178c2cabfbde6c2ac8cf409c6c5fcb58402c811dda66535bc3e5d41026f33cf,0
0x93c104b8d9aa2ce42a90f6846686a8da41bab58ce89f474531010aa978fc0fb4,0
0x65abc45da9ab45008c542eda1a8b55447ecf6f0302f337a1d7d2f3ec67922153,0
0x119152fd7b002c69e18f035ab2e7e1e9160dc5fe90e3bab7dea6eb3aa46cc515,0
0x4bb9408e6c19e890eec84a89fe12ab6bed7c40809abc9f58275fe0f2cb2439d8,0
0xab319a6e06230e50f755e394f561468905395891e98a329d13cf4690b3b46b34,0
0x6c5531f96f0f26aeae6f3b19e1a53c8a89c00cefc01dee12e280f823098b71f1,0
0x89306e35a2be0e0639442632f3b09f7aeb5c6927c2eb056d80379480737f4ff0,0
0xc10ee93f5a6f1bbba84f6da02c6360ac801d83415898c96fd0e183f2bddbfef5,0
0xf5e130b4676dea19a6d749c981dae61ef641864a14639d6dc28f9f18db0ad370,0
0xd8aa80c70c820183b8d508a2cfd8a7f6441272c8807a5b9facdfe5a98d024534,0
0xfb86dba5ec9eb9b5760c05d85c8204d0ce4f72a7ca2fa22a6762d828096c9854,0
0xf434e3c5bd9ed2b2e5706613212ff511d874e8255b0ac0a185f5fe19b4ba4127,0
0x8d3adb13ffb9756e89ce91f44b58d2f7f0f2a7b19da0a9566a7b8573ab9b1bdb,0
0xb53a2b420294d5813f775014e7084de84395bf0ab0e368485f555f044ebf7590,0
0xe4d559d0c0696223b5d3a6d8e09cb70de4e3efca40aee7c3638980033d56c539,0
0xd9eec85ebdb8d74267c60ce61f633fb291d920e01d3639407f56446c9f59ee81,0
0xe59126e56fe4cd9b0a022c92c02ba3fcc4679fbf6f77e56df87b8b46d1c4019d,0
0x1fedea97bb05c3b2a859284db25dc7af07bed75d58b4bbac19f87c26c439a2e4,0
0x0a07e94b702c4f99830f95b85bc035bec80cc974063a68bede45d573a147cd1b,0
0xadb0e0b3949a35bcb2c8dba5f96a73b7d20fd6465f5e24983e18a7888a902ccf,0
0x85219690c10305e05edd460317a4fdd040e4ec516d163afdd0fa155f95a9ba1a,0
0x7d05642322aac9ac306bd4d577c874d216b5f3fc55d6ad094f3216b7a57ddf38,0
0xc856c124921759c29f12c19921f30fa6389432210934b2de5d8ead46a1ed93f9,0
0x2f5cfde26bb2451564b7e7cf2de52012ffc7f52d3c6ba63137de55464c9ffb5e,0
0xe31911f405e8e2e997a04660d8c0677718986e6fddd51affc1dcf7ec32d8694a,0
0xf49530c3373566b72954f9d03e9e7095302b4aa9167e72c4b8b8ff3e2b4ffbb5,0
0x14e1d052d3b229c7fecdc7fd8194da9ea228eff95bcb7ef2a37812b35665cc2e,0
0x16935a2f03b66f877f2bf28423ef4d76007be55546ca4790235be4086dcba9c7,0
0x612488dfe5af748ed2ffe987d0bc7fb96b0994138dc1a11973a9c57a5d94c571,0
0xbb6ba2b849c0a8f0253645e19ce62b267e7c0683015624a379b1a56ca5469436,0
0xc5c32881ad78eef9a9d6d73dd82fb86c6c69abd9dad7a60509b31e41215dadb1,0
0x112e3190eb18d166a1d4a57ed13804d3e9a5d75141602562117c46929c035f19,0
0xd9e86c2d9119de525ce242c69be886ecf311fb89c10e290bafa198c1e93f3a1f,0
0xe14990761148e3ba58c21ec56e823f2884a480b3451d292c53491b8022800c28,0
0x36e404f02380f75a6d6d5f56439c989d219ccb31c7c408af5110793f607d7644,0
0xd89a0a3a50631a61b7c527331e203d856f7fcbd753dde620ab75038d84bbc582,0
0xda1973849bc003a95c8289b625b2e04d2a287595360007b38716c2b280cb4fe8,0
0x9e316b3b80cb9c5126486084dd2f9c21bc211dbaeac5e8dcc6af3f3cb80ceaba,0
0xe259aaa522a609323bfdd6f9495b0e774923504c4e53d78d5216ca06b57cad2b,0
0x6392cb557852b30147c9575645a673c1b726dd06bfd7de4e5173e264c02ec5f3,0
0xe72a5958f480e139ddfdd436f5160d00d00296833c23463c4ec21de53f0c94ae,0
0x551223114ef49578aa5353eb75918d000c4ce615b05b964e857a0e3e03d5a03d,0
0x84ea505bed01096e7610f7588786a6308b2e8fcceef0cf5584785081e7472b56,0
0x96685b85dcd8d0a75d89b1c8d03428400ee8b1f1f5481a322d14a37eb73f389d,0
0xf0ea4e4a59b90c05f89b95c9df375bf8ab17aeb7a5f3dde42ffba2a0f8e08fe8,0
0x993aaa53e4a193e2a50d55d73a813303f9be2049f55c5f2f398af84abfc76323,0
0x242b137dcdcf4d6970a9bc06d660000bf9b56d9aae590df7404ddbcae608d5ca,0
0xc62f4ddd5b08d339a00b51cfe3eac311ff9f0a7b570eb82299a7856ac762997e,0
0x2674381bdb99d854866a104acf5fb3851141fd6cf8489593d9c2ec560963c5f4,0
0x05f2a6a720bf907fc98dfe3c67474ebb1a7227aa4f2e5ff74815b96319d83303,0
0x492d1267012cbe3a79d37e1209dcd4657a168394a3aa611629e408f28b603fe6,0
0x3a05dafc3a087b53271cad79ae9dc684471fafd12d1d3a35f85829e1eebf0273,0
0xf831eb31d9157e6330ccda6b496e7d6a5ab641071b49dd690b2a213662d028d1,0
0xaab1fe6c0c521f56077228e0e04a8efe1a43e542ced1075f46c0fe012f506fa0,0
0x1564a600263e01b5bb3f3526b1fcaf0e56793188f353f50eca1880756b1582ca,0
0xa979086b6f34e91a54c3260a5bcd5e203f6d95e5fd0ecde8ed8c20f93291c323,0
0x184413fe7760d51166a018a2e9ba4dbfe6eedf4f2d34db221ac23ac41c26b843,0
0x936e2242605e253fa0b960a8023e007364442d05006a5c2a0b5354a88aca6fa7,0
0x5efe47c91706ef5c7e89b86e8b6520b048e834ea8d60c530105e3f7bc698dd07,0
0x7b3602cc611198c21b289eda4b445ef780ea1d7c6eaebbd4314283bdcfec7889,0
0xa1e1655dab917e6c40351ed0f49950a247a28f245543e494bd428d1353bce680,0
0x7d0380f222cb78baaab9fdc7a878db94f4fba2bdf84ca9a83f6be6f6f5d7747e,0
0x1d4f368a51d74b7ed6b31fc7e7ca8ce572f3ae349f622a0594a28f1aeb308120,0
0xb900f06347d2eac98a683df8e32bbcb3299f25ec03c8e19649c0922e9449ea65,0
0x937051b45752767eeeb27afc591f911a3873b507843333c6ab9a15c63ae5b206,0
0xaee28d97828e967f30fc88c25e0d0d9da5b4d6dcaaa00f7a54822b2f49c01823,0
0xf022a635db0f1753bf2b4c876a086cc220cafdf04d2b8fee28e9fc2c9cf8cb8e,0
0x3a4e70170001c511820a55755cd798888137b07821fdb73830849536f37239f0,0
0xd311379178f934956b67614be5d2321b034883f756810379976a21a79e596456,0
0xbb358aa991c70a5a40a4f9a180905501bc31a70f177ae0a1fbd914336e96bbdd,0
0x3da0461d275a510127dbfe023da43ffd12a73f9512edf60a589ec53c780bbceb,0
0x3e63942a5e560d10f3c2d61000c50c3fce926117bd7b53ea2f78b830ca876794,0
0xa5e3a75e19737462774d81e3331327c88637127858a4fc65aa6df6adc9a0c2c4,0
0x8e7abb1c1bea3d791fbcdaa1bd2839bcc0d26db9b1b1daa4c2516054adb69f95,0
0x970cb9d9f81fe1014d459496e58969ea701ed3ecbf5f329db379c4ff3822577d,0
0x33d4ee9d2aa04b78db07b10278ad8d4250eb95622aad55f4230f4cf7770dba73,0
0xe76dc58efc58a97ad037bdbe12c1cf8fe5bc430b0f69b0c66c0e438d7e950a68,0
0x68a5c506394f535f36cf2888abfc4bc3863a6d5a377f41363fe9f6f14cde97be,0
0x647ad2a23eb53de092535478060fb8bc613429fb5f829b6a77670004e4817a99,0
0xfd8344e128afd0ed4f909ee381407a2cc29a4ba71724209fe4e0655425001b86,0
0xa097105d674e6f3d399fa8bec980e276b08d8c73df445310376f3247d52d96ed,0
0x4e1c4d1806026c7a68f074713ab6060cbb5803fce0d7e36d7b48da9deb1a17cd,0
0xc6e805a5bbde9e8e73bb069b9adadb56ab845754cc001d3afebb3cdd162ce63c,0
0x9d305dae88d195bb501834a0d7b27d574823ee8f9625c7770efbf38f904baea8,0
0xb8f6a050340e269f47e5c7901f4e5dbb65020bf3fe4f22eca7d63ea4bb85c66d,0
0xbf2c6f3590a141e7d7449d9dd205c97271066eb708e9bf377e64bd8166886a86,0
0x45960d5b26fa5d37492378a3d3aadf036273aaae32f6640db68de2a1d583018c,0
0x4be19bb64124b6c702140077abe061d13ae4409baa5c8019c2cf5eb9e6bbdba2,0
0x6b4f3c204c099719e92bf5e3909bdd0ee43664dabefbe221f7dde1473ccf1630,0
0x15358acabd6b8ac5aae2a271e75e0da2db0b0e0f6f589b689dc5af90a74f2c79,0
0x3c1b1825582f73c9397d4424c6666738f6c0ec78fb5d9805e22a7184200b7778,0
0xcc4c403bd41204ddc922cb9252b388f83e8d9930918d1c15b99347d305a62905,0
0x19a4e0ff3b67e4b13a82ea5431e155ec0b0ef86a22fac6e4f8d84a104294f0b1,0
0x3c58c8f98fbbb42af7930a4ea52d2d94e42bb906899b16d77c88726fca5a6f69,0
0x3ec363994d4dbd57c5dcbe3c7d35ad317f0eba3dacf5c80d5a637cd673eba4ec,0
0xb57fc404fd03bc9916b97a9a2574560b7fabf3f11f5ffbd9a1e46d0365efc62b,0
0x55c4c5f7903452e0294569b416cb016c404a3179a0048f18cf77116aec3baef4,0
0x29ca3ee2d67a18329eb1faf1f3539b3427446c8f6151645190ef31031a887fea,0
0xfed590da27e978bf99987b36582c94f589bfed0a736c2d0ae548fd16f20a5920,0
0x9e7b629f969997b0bb8d81b92458acf8a1169b3c08a2d51d7a220b680685e323,0
0x418d5b2b228d2c8cb7c81750e7853265808f39bf16cbdb57acbc0c661d0d18c2,0
0x3b8d9aad8acb0d82f94f1306f45a595c3c0a423474cf7d6f50f56298f2fe8f6c,0
0x8d931f270827b262286867f5ef53317fdea5428bb024a1c671398ac61a684c72,0
0x1e74e4d8e5351f3328c57c7dbe7188df067a1b536fa7af78ee77956e8fb226fb,0
0xb24fbbb9e885fd0d148a80755a07d39c548f524ea9edd071af7fc90a0d7d7c55,0
0x2f2792fa9759f525663c25da9ecc54789a7c8d954be5cbbb9d02214f9e34f128,0
0x392a004637d8142262777ff3afe7d086dccbd6fed1acf06a2c7d4c25655efd64,0
0x3c132d7c921ec25ebc59d520f2cb1eaf2db47372729b5817c54bd235bb2aa31d,0
0xffdb9b6e095d02d7a51c7df6cddd332b69d6ff8cd025e56de10c671354d0ae04,0
0x4e10b003bb1cb8c9d47942eeed7203464402ffcf888e7b061b982959803042c0,0
0xff158c93dc22cb7af67c825f48441d5f8e924a9165da0b7d7b7f480bffd166df,0
0xf45980631ea0544f9ab8e7858da43e8dafd2c09336bd68a84a5699758caa6542,0
0xf082b7b21e3c334d034fa4ee8f4c41bf6cd7dfc0b3e6705ccf892b3840f7b090,0
0x8cb68f827377a7c4e3c0cfd30145feb28e79bd00c80b2187e919e340d69ec2ce,0
0x08898624bd0b4869b0b2704fd32056e8230491675a928df0992da51185ebe70a,0
0xca2a2b572e2c7dcccd606d2714c15f0d3ecd9260e193679eb2a3b9e1de72ce64,0
0xa9ba29633b483db8bc8a641eed48151a3b10a89849419decb78315d6f769fa39,0
0x0b1fb7ea738bbaac67a7b5b19aecc626e0f529d105d035ddcbfb8fac5fdf48d2,0
0x790bab6efe91a5ab32f9d1721d6ff0075f9286361bdfa1b1591515b15766397d,0
0xb8d7c91d88bce23b8fcc3a4812d2559b88629389c851d9f0199f4c47b03ebd17,0
0x292f6e03a2949376a768919a976556b9c53fb672af03daef5bf9f54c72b1e42f,0
0x32cf732fe89a06a9acd0faa985f452e9c141aa2985de6a8557d3e1dbb3ce39a8,0
0x34fdfffbd8550d883d1e5f7c21e72f21205f54037dda8ee0c0d4d3d7ac74ffc6,0
0x30a57acd36fd5121f93fb1c213f1da38e19b95f3c257c00101f6bac248315186,0
0x8184c5a4ca12e15625274da297b410eba8f9d5adb3f431a9b39494d662cb6d11,0
0xde36fc9d54c9ed9f3a377b3e6ba9c2be427ea3f155586633df73610278fde9a2,0
0x72fbf5982ccd4547f4eb4ec4e8b0677acaf267ba9bc778ed88b2ecb7c4d852bc,0
0x2d6cafb50fa63ecd15ca24736b795bdf1780854baffb48acd70af917d0dc4ae3,0
0xeecbac5ee003bc7216ef85a3bb80e755be6a1395a4b7b4b83e03bb107232b3ef,0
0x3e9e7d54a733cc0256753da84af77f536b25f2f1503217d35c1d13408756393b,0
0x48aa3490ce20dfc338a3c38c2b0eea94163411a55701caabd3d5ce506beda367,0
0x6d9f2e84d3e46f6aa54050397705f76b4a3d1e0d4a18dfadfab8262af1388096,0
0x42fda5168f3689555ab173c81e8f9b1b23a1ca7ecc8497dcc465311a183d819c,0
0x61e8556b9ff35b4314937db30a98f77b1bb1a1fffbc12a78825586ae606269f5,0
0x7f2dc7dc6e88e2797fe723be9aa44a6515810416d196e10641b474feebfcc769,0
0x3e4f1a121e5191fb27052a04e63fdcfd3296d7569d25cdc417f417ee43a1b663,0
0x0f6e868f7c3e84c216ee4c9a5faa550a3475ad9d8bfba7f4fdc4f8b03577c50c,0
0x1d81d236cbaac691087955b5accd44fe4df6e4dd821252afa8952585e3c422bc,0
0x7e22c5bc99d8a4977b0f1c262f88873543dfa8dd8381e2121d34aeb115f7fed2,0
0x1ead173c79f244c9ad0d7db7a9653d3a266a4232e8e842f2144f8120e55674dd,0
0x94d61c0c6baa8e6f7affa36516ed1bac671911e0221f44b81f73c9a5361f67ed,0
0x18d4f1a02a72d5e86c84d0772ad2e33d89a7c0a4f0d30c2b836224167d1cd5d0,0
0x5bdb4232bf34bd509dc53309435ce968df30f7191be7a5d8551b831fd8b71b4d,0
0x6be30b0f61988ae9d236d7907a09d3dcadcc475a123a2493ff2eae0a2d1da6ee,0
0xd46b9f8c0a07248a24a88bc14490058a5e90a97d3070b0ae41b294fd7bb79bc7,0
0xe9fda300677a663b3a1d2c0d4cc501ce6dd66a0b015202ede0b8563151a24629,0
0x21246af8745f8ff06f5f8c45336e3b4d553c0a44f92f126cb7106b40fe36756b,0
0xa458f983c1eac476063d999091e59a9de79d1bea3412aef9e5bad4d3cdd462f9,0
0x0194d116c580dcca15110b545afc7a2a09ac49a32a213a69a1bf6bf19fc17c85,0
0xc120e05e146167a3bd7c08a22e9d0a5a4a7f4988ff767781d1253a8479ac30ad,0
0x5ad9c599fa34b48feca0206a7510984912ab67f89abe7a2c4e5e0f857cd40912,0
0x1eff95b4f7b1882ccae7dd968be1f1aef45bee6fa143dc6cbf3beb9ae95debf1,0
0x4d2cd095d863c79c9cf955838e78f634b6c745ba1f6a8c252c50892391268924,0
0x175013349e29455239fbb6dd59dc4a25b3f71f3989de065b465f01e4ac48346f,0
0x21a34dfbe134c0e1f3474984da36d99057b0d1923350f51ad2f90eb492607ad3,0
0xd1bd563adeb5b15fcf8a5b9c6e72998aee3c7772096a6a9ec7e0e88f6cfe3a5c,0
0x5ff2e5ccc3ea3790f1f968974fb09e7309a67dd7acb36f7ef051f552fde7570e,0
0x4f92f5d36be2eaa3686907512f37fb6cca7494199a5ad3337926c8094a7bced5,0
0x8c98e6f1a0d9da9e1fd7ce76030068fcb27c8a186ef4fedb5c42454e035c69e1,0
0x8be74a3840c2748d4b33e3c83315db08cd1dedd7766f5b65ac368740ef79fb0a,0
0xf92f53bbb3363652ddc7c45e682247e740998db86a63e7ba7eb9bbd37a48402b,0
0x12c59551843d6a9937502ff023a1c9bf02e979cc0b94224ddb707e234522b56a,0
0x1a25f0b92326edbae98bf54f2799da5c945e2b9849e1161863cca3de141296e5,0
0xa3794622da2434fb339fb8f3191f5f6274ca99d3840a389d4dac22e375beed33,0
0x5366b88d0aff48d4b6db36a49be0067bf501c5209319572251491e16cfa66ab0,0
0x3c8706ee30d07ff2656be356b9a30bbebd6ed8e93c13e6001199d4b297c1a378,0
0x817f80c7b896d95b359439340b99ab87a2f7fff70d224c533480123a95ca78e3,0
0x2cf7522378335f486760b3c0983adc490844d81f5993dce3cbb35f8f3e2ae822,0
0xbdadcb5fa9435629683e9c4827599a0197dc532b25380e07a72843be3f991883,0
0x19a71ef0933e69d0598dcd78ac114d1f790dca7683ff2dda528aa895071c1e21,0
0x90a1d7d7e84a5a25acbb8f63a12c26505918e82fc50f31827862682d0605f5aa,0
0xa6d7624e0051adf5347c323a75f5d887411a36d568e6dddcb703b5d502a8a95c,0
0xb8613d2ccf8ec34d753dbaab7dc4e2d8eefec16894c1c71ad85e152e2bff2f5b,0
0xee1f9e0e7f42414bde4621d994c2355fc00ed74a61b819e79f5cc8be707d861a,0
0x560dc6e1a42d619ab89f85c390b96d62e01c2cf51ed16dcd1d1f841909354a18,0
0x081e310d63c8705b8c742f0e39878605f9ed0139381d2720198e12641f0d553f,0
0x2cc23b35ca4af1d1751535f4a0c56feb2fa7d650af14f97249821b29b20e8712,0
0xa1cb13ffa4d8bbc4c23907c5d612a6320aa135cadc215b228e4f888e35343067,0
0xb87cfbee7d50bc8ac217ec3fb80b2bf9bf772bf74b2aa625c8fdf42317d701fc,0
0xecf6616aa67d87d703f6b0534146099db63f75758743a16228c58043b8dd9d14,0
0x1db6ebedbb21016d74d3dc8695ffa306b12989beb25ddbde21f466c46383c91e,0
0x1d770f7d1ba99e91f712b7b55abef04a80f362ec5b9600fd8cc87e40847eec9a,0
0x489fe324ca0f44a3c54e4f5f609290ae195a26538877e034a29a114346cc7cc5,0
0x3eb89a7654bcef7e4d54954aa7d74e458aaef098b2776068b8b77894831c2a16,0
0x46c1c92c5f4b3b911cb5a335e2028d945b1e65feb5235bbda53e823525c466a5,0
0x39699728b8cc4a714825564a82b6d645414e7abc2377bf39751f5b5859df3038,0
0xa557561b713d88a46a56e4abe6c1b6148d801c7446f69758a3c55b638427d566,0
0x4b823616d3ca3034702021ab905753608044e6b3024888a2c4776d78507341be,Call After Destruct
0x77e93eaa08349fff1c68025e77a2d95e3e88f673d33c5501664e958d8727d4a9,Call After Destruct
0x77f4e6f5d702b1e0ba74f7eb8de23aa839325978019f8aef48cb4777225a139e,Call After Destruct
0x0890817407bc45303985df908a8eb47082f05b1eb7e52b771688f07f2ecd01f2,Call After Destruct
0x3aa0d746a5b6ed0947ab41d9ce017ab3c9591b6d2d8395d26136ee6a1f520fe0,Call After Destruct
0x7588253242eb477776cd066b6dba3d1ec47ebf0e7888df6d523e9c958db721d7,Call After Destruct
0x2149280e17b8a0ad014ae088790e35a23de57d46291b846dc6d669b87e6ad176,Call After Destruct
0xe52e8554aec63c3c852ff79ae3c7f021ddf759f9672237f280288317a610511c,Call After Destruct
0x1e4d5f37ae8f0527ab0dce85123ff496bf351394240fe5e71e9c77b988eaf7d0,Call After Destruct
0xb092be4ad82631c911671abf0bad4893549e6c80e6bd83ad509131172d7e0842,Call After Destruct
0x2d33e32c035c323bebbbc8828b65c91ddfe392ef93251947e92e593144cf6e9d,Call After Destruct
0x14874bfe2cb2e0c66ec1b4a8ac74ab781bac383b166e84a28ec253a8b8675267,Call After Destruct
0x6a798c9102b560afb29ec770d164a6f9ba50d4f46a5d077b46fb25b0ee3e6e13,Call After Destruct
0x90ce073815ae7596a7756f0c5ce014cb387320af87836a94f697b73a41bc9edb,Call After Destruct
0x5f4138e81ff00d10cb9bc0a3ebc9f68e3911c70554bbf50a8582a8d85e3db9aa,Call After Destruct
0x8c4fdbc33008d6d0d97fb2774f5d9b545469fbc8f87726ccf1cb497a30d6d4f6,Call After Destruct
0x2566685b4ed1167949a086959a49fb4c8dcd1d6361761b9e390f82cef9cf1d40,Call After Destruct
0x8eca6860cdd9463bbfa5ec794aeb1e7710007590fe2601d0c32fe5c2b9f221d7,Call After Destruct
0x8e7137a1c0a9cf5a234598fa957d9301bce28da99e4cc5390c8e197c48ddabf2,Call After Destruct
0xb2d41e8aa11af181a34dc3ea8b6bf0ee34d02c11601a36780b362157767c18d3,Call After Destruct
0xe8aae20ec80594107994bd63203db35d291fdc723b5aa0f608f51c532ecdc5f7,Call After Destruct
0xf0bb3f9ef6ad4c7a4c62534d93ceee912af388c3995780235821692dab3c9f7e,Call After Destruct
0xc4962a0ba74381577d8757be81db926e54dfe80556a3d3174b1838f5220a465d,Call After Destruct
0x9e793fb91407a43bf2faa3ac2fe84bb7368f2957d1aa5005311245f269a545a5,Call After Destruct
0x855d042b9997ec66c071e8195e9e2d536fdf4a257437a949223a7af7f60d9ca0,Call After Destruct
0x85a0abd84a57b2dd411130057fd8bc613cda05774fe7867f0f1b98753d2188bc,Call After Destruct
0x1d60277a05f0c70883b31b42407f33303197ed7f18ba8b4b31f936a561286047,Call After Destruct
0xa0663da5fe262389602053faa5d9a2afe9e89c8abae73d02da090ef0673583f8,Call After Destruct
0xdd1d02f5cb5f8ef66d63988dd9692d8890626a79052eaa7514798d4da87953b1,Call After Destruct
0x20416b6669dfbdeb33565df7fe637c58d6e8ff234400673e13e3dc4baf4f3711,Call After Destruct
0xdd44d72a2f0db4012e7ddac0cc6046e5c103eb46ae9914953731956ffcfa683c,Integer Overflow
0xd4ec4d3840caae0d17fbd53a3fa41b9d0e16416ece7b1b5590693c29d19051b4,Integer Overflow
0x74a847210c04a1bd0b7b1e600408f1a8b958e0247407805c66081599abea4845,Integer Overflow
0x82e7e011c93d9f52d145963c6da08db10da7a1f65d6c08b3a491abaf7dfd5df6,Integer Overflow
0x0e28c87520e5131d924f7b9ef5706044331d3b9bbca881e4bf85092ca6fa1d7f,Integer Overflow
0x879d9ee4d81ad5ca4215e152f72c478073a79a409153454bc552ba461a30f240,Integer Overflow
0x248541d887bede3a1f63c7ad294aa4a0b2b03381aeaa9a7a06b6c2bec659f442,Integer Overflow
0xa6a7538c7c9fa08643d1b49a78b41dad9fb93582bddc32c86a9cea51c52ca701,Integer Overflow
0x1295f83499453e8a3b2b82140dac6689b6507b5c1e67a900e3577e71ab2f029d,Integer Overflow
0x6b7af91911f73fc2e897a38608b9593e13ec959f56217c055c6cc422d4f79e6c,Integer Overflow
0x2cd1d3026f9c2e049e0de8e2b4551e2d9da822eab83f9827736234784d95f1e6,Integer Overflow
0xdf4cfc585266aca992840ef3a7a280b23e31c27d2eab99492d87cedb2fb1f094,Integer Overflow
0xf9ec5aa97982b511983d1074967db50ef3d420e0d1c447a68f847d7439d689d8,Integer Overflow
0x8b726458a76c0e460b966416d215f9328b61e236751dfb574593f1799e136def,Integer Overflow
0xe641a09dbadc769fca1f9f60461065d0968b64172cecde5536ded955a10684eb,Integer Overflow
0x06d332ff7cf08c7d471de0d385224bfba0f6d4e1a053711426f2350ebd5e3437,Integer Overflow
0x3e4de6079c447b8ac92f60a10393190fff20eecce8f1f384978023f0ac5123b2,Integer Overflow
0x1edab409ec462d8543e8d66f8e6fc77b16d66f530df7776b46249a87eb572b4e,Integer Overflow
0x8f322e1ec0b6b9ba42f1abf96b76c7337dbfd83673825d47497176c7ed49d0c0,Integer Overflow
0xbcf92f21aadddc352acda69ccba4bbc695cb89f0bcf9eff7d3edb2bbc567633d,Integer Overflow
0x400cbfc20635c98491e47f306454d3337fa63b33cff89fd0c30774fd6fdb861a,Integer Overflow
0xbc94eeba1c06570f71fc4eec624e294b41892246caa86acee7da694f7ef76d8a,Integer Overflow
0x3eb314e564ac0d7060b7732089630366f2f4b7e42737ee7815909cf8a8c74538,Integer Overflow
0x7e5f3a77abb843264b62c5d9ef795275ccb95d356654bd8b15cc49c170be2623,Integer Overflow
0x267f22d7608d49da374036ce50c0ca2dae2abd0d729a764871231b3ca24a6292,Integer Overflow
0xd0f45e3bf108a385759a49de0f72b1e6202550d8807e40fe37b8ad22c4295b9d,Integer Overflow
0x36d8d577640ad7ebb346d5563f0affbf6359fb4ade8da769325bb6d7c74151e8,Integer Overflow
0xa99aa20057df435ca90a6be0e2ff1a027a17562441c2e104d80e1cbdcab59260,Call Injection
0xc2c74d2e6161f9c37e4556e4ef300c032403404c50f9953505da1be59312ef63,Call Injection
0x5262412b5763f2f383c2f3f16d169eb63a9377b1f74ff97344d485684453a57b,Call Injection
0x736b7d5faa9c162e80daef17de628430d32e2f40eae39cef251a4cc93c73fc12,Call Injection
0x79e95dfd02d22fed5c023dc57ac0e05b0054d8ce93ec9e0c2eb3431667be7cec,Call Injection
0x4aaa6cf27d1e5520292e16d1cd3bd9a3d299854aff3ba2aab10a79081daea19c,Call Injection
0x08044eac7697f12b6c2d5b8aefad3d16b2f98c8783f0a3f7e86e568bbf3eac60,Call Injection
0xbbff38e1c720eab93479ad422c84418c7162a6f665c8b59ccc99aa8d38a238e3,Call Injection
0x6bc545ce747f5658f213d6402780e4f7b41c9171f941207af43c5a31a20592c5,Call Injection
0x533bc075df5e82337a62167c3c1eb2cdb1d6363b6d4572f0af502f6a8435839b,Call Injection
0xa867716d3e1d0432eb32e8e739587ec5bfc898341cb56218e15dace800d16eca,Call Injection
0x16803ab90ebeca596bb379d5ca5b2e34a2e163aeb4c9fea52e1667ec73791eb7,Call Injection
0xa41dbfb1395694353427014cccb3ea0823f0aadedb426a14804e89c8dbe2cbad,Call Injection
0x97183c71304135301f9dc10f8744d129436d3b657dc1de281682bb0f3af9a86e,Call Injection
0x653a5ab721e73f050c7f1ac200331f48172d3ce658ce6b827154931c25bc6415,Call Injection
0x42989479273b6801b25fc344ae37576d0468a35b8214ee3a2876522be75656f9,Call Injection
0x5f48b0f829f78f28b6c08a820236c7293823e502c5b6af6dd15ff3bd6b57bc7a,Call Injection
0xa71602f8afa07434c2416a2999b763ba40e99f18d6949ab7ac8b11f5ec168d66,Call Injection
0xaa54687cb1de98ae54fdac0e81a365769693c17aa889293770d6a20c75f392cf,Call Injection
0xdd195bc321094e4e0ec587eb07d319bda19b8bf4d9afd2e7c09af4fea044e584,Call Injection
0x93bfafbe8a534660d69fdb271669016657a58b1d496eb475839bcf8be0aa47cb,Call Injection
0x67060f8bcdd3e1e0b6bd8c338d969e78125e2f991156cbf583e66077ee29d36c,Call Injection
0xade756870821dd24da1c73287d0a812846a57b43c67d7497dc5c78d4d4ff789a,Call Injection
0x57deed079ffc23d38625ae8bfb548c84307d98eb3a7c190c4b89ad367881db49,Call Injection
0x809920d2250a614db48b9fde80e57b5624b190eb971f256d4aa069c2eeecc4b5,Call Injection
0x96a05424678fa0c9a6d28f2910e8693d9fc80ad183c2b711bf4b450a66f2795b,Call Injection
0x506659f066123bccb4880d91b27702db53c8dc41924f9dd2ad7fafb66659dda2,Call Injection
0x62d610a8fc6e49ebaf428fafc8e64c5ff24d08ca7d91795fc426369c24e3349a,Call Injection
0x217093b2b3ec128f75aee2211a3e3f97fb56877d60dad765e332ce35e242f04e,Call Injection
0xe38278a92ea46c7cf6b3e8059fbdd6844d538ad46eaba2fe38656c6876421f03,Call Injection
0xb10eb7ced2501f6218d5d089ddb0310c2c482a16aa811b4fb45ab96af817b5ed,Call Injection
0x2f5ef1b687c27a9af93a4ac345069223bcc74072b4b084c22e2079f4aec78390,Call Injection
0x9fcb69db90b0cc94ee16ae23fdb4aecf56696641714e589fe71fc4b3cdc3ec73,Call Injection
0x6ca6f638d23bb5879c37320b9f9cb7c9a5dd0c356fb34123fc9f7774311d157e,Call Injection
0x0c8fb70452a323a79daabb79e8d5d609bbd0fbbe2d11e2e87dbbbf5d1ec4596d,Call Injection
0xfe69427dbef73e8a10cd51cfd50d87c889e04d71e998301168ba91a5aeb97f4b,Call Injection
0x30fda2b37f15a92ad7f1c06d32f1f8de8d359b20a54f10cd57f78be560cd15ce,Call Injection
0xe1f57a73bea6df21aa5554f61ea0c776b9980f62c2d027e460a8148e4b79df9a,Call Injection
0x79ce63efa9cd38685afd34a840881de3026000670e99526312af164fed1ca9a8,Call Injection
0xfa241788a366e24bd062f111cc658bb421fe31d7b70856d7d7d2b31c632ca6d4,Call Injection
0xaf6f54ff05006ee3ffe0e545d1450a5a743b720667a987c031c95b8444168910,Call Injection
0xad63c030fab0ea05310c23444d864f86073e13adfca65612514404fa10fc996a,Call Injection
0x53b4058981ea5c5d0733e6c4dccbd2371e96655fd20deae5154deddad782c232,Call Injection
0x79db40b44aa2c20f6093afcd7c80715fe37bed8fe51f7b432cadbe5477bbd022,Call Injection
0x235afe91a95b850bac20e4ee9b6314a5dac6433c26569fad3864b1de9da27698,Call Injection
0x0dfdb55c292b7b048364401efeed7f7182e341b59e6d0bcd9805f160b3b177dd,Call Injection
0xb2a1e342190a94b9d4b7eea0a6af1b503ba71f8908081d58f5cd7af062da440f,Call Injection
0x06edb39a4a5539fe141c17011c98143708705984cf5b2dbfb2f6a24f423d3aeb,Call Injection
0xaa4e62ce0e683819d06e1ec9d1972dc4a90e97de12e81fe4736792a6a634ad2c,Call Injection
0x98e90a241d3bd9593760ab17ccc0447ec663e33e73fdee5af186ce080fc309f5,Call Injection
0x95255ee6bfc6c9ca3e471343e12b8ebe11ffc3327f207c9d780843a20994b223,Call Injection
0x04fc80f39f8890ea9b951a547d3523e9e87208958c951b6248cac0b21abc4a34,Call Injection
0x4eb9e73963f60ae65adb926aa07744af7fa3482dc71bcb7afb91e5b862baa9ec,Call Injection
0x1475c727fb16d91f29370d055aa4cdc8dee9a5263eb080d91d25d19b8ed08511,Call Injection
0x78374324e36715d0e9400bfd57153341c7352b6162078a81100f47b446bb05ad,Call Injection
0xbd490a456cfd432349a57d88a3a9bd9871d64f7aef5bdfebd92113579a47b6c3,Call Injection
0x571db7cea3770af0d276d545403997c44a054857e28a3db9994731e8447bc1f5,Call Injection
0x8df347b8526ecab3fac89d6c535f7a2622d17e18782152139309d68dfebfb19c,Call Injection
0xf9fefbe16c695196cd50b77c81b8c78ea7587e0c20fadaff8f9f4eb0f6ccb0b8,Call Injection
0xe1270ba0c99827946e83cbf781a20538d09b89eeebe8b13442a5a5ad0308140a,Call Injection
0xacae89646fa59c6b04c5525690770db2ac3753e80084c83a846fd835cbc3e002,Call Injection
0xa37e596076869a126e2dfe514cc5d1ba8d9fcf9e12dcc7eac8bfb8ee2a7b4d5b,Call Injection
0xc20a7abb567d2a834ca61d17832bcbe6b5d683854ac68213fe5d6d48623b41f5,Call Injection
0x37306cd8c8c9a451ce629efdda77ffdc0a3f473dfbf75e33e722abbf3bbfceed,Call Injection
0x4e2d587f1ebde6b6464cf6228d6f0ae1df27be754a282396c0d28c1228db6e9d,Call Injection
0x2155d5d1e48dc570b775ae3798bdc3e1f2e7c5dfe4b70e61957438484d78787b,Call Injection
0x6da895c3d1dfe907cd61218d85a65aec7e854ba72db3247996f34d690b996aff,Call Injection
0x94a57968b5e995aa5d35a39ec6c517430c41d0c5fbb5fc4120bca293f23f2be0,Call Injection
0x41f4586520aed47c7770f63ad1e9072252a17e8e2e74366f6a9a20f0eb90cc4d,Call Injection
0x1c5f27aed2f173cfd1da4c3b554b02b857034d52be74e21d0f37634273109960,Call Injection
0x5faf3b4b85a28d43e0450452fa20d28dda837d1e63530a2ce6420d751443c326,Call Injection
0x4fe8214b166a283d60344d85521ca1e04caad3873a65e4ccfd03ec090adcb17c,Call Injection
0xd11e6c408c08ed135645d5782488a1f067e1847794c60e71d3f3a80fcd8918d4,Honeypot
0xd15882caa9ba3c5ca6314868f1043166cdbd65b46ea5c02f3eda72f13ff39578,Honeypot
0x7a68c71c6e692174a5dea0cbd2a8471a7ede64d1a02444fa3ae4c201ca9e2eb2,Honeypot
0x5d23a148c6192de8a8a9c7652e6f7f7269c7003eea7d1ce0e2588001035a3c1d,Honeypot
0x3834e2156ae231aa1742f75edf23ebb0fabd432116cc22a387ce4fdbd737f0dd,Reentrancy
0xc76a66ec3ed20cc2562b843e4d2c70b379a67f0bb07a972603248f3febd9d613,Reentrancy
0xb4f72608812b38a01ff1546b6da9c2902edc4a1ec7b3131684911706cde69828,Reentrancy
0x0b5d4132fa4812e8ae122b6fc883d3a7d3806f1da34fe56fc31302bae238401e,Reentrancy
0xea75b72be4b12d1baf54ef85e9475962ea0ba9426ccb7b048c3abc8d0eb56d41,Reentrancy
0x4136b7bcd9adb0eea24f9c93fb084800bc09a755c89e85187ea8428618c20fa8,Reentrancy
0xe73948c29b1973090fece8ed0dcff6e76a54d656926543b1b7259dc0671af791,Reentrancy
0xbf943aa74642239bcb2bf326743e5b5fd3e699b3cdac0fda99b765282711a4fe,Reentrancy
0xe0c59f28d4aeab2b9faa68a847e8e805095694afb16363682407c870bf0d2eb2,Reentrancy
0xc300a6f47e0450c38a9b17a7da110e2bf4e832479002c23ebabf6d79b1418d4b,Reentrancy
0xb7231c493a9f90266945d4f24c2b231d90112b54d95688a5425db5bf2d166e6b,Reentrancy
0x785efe0608cb9155969e4fe8ff24f1499bfc3c3ba8ea972b567ee474d3773cc9,Reentrancy
0x5baeed4293f4d6f961b4d1aa93a6aa76eae44751fa60a71c6a0c30c145c29e86,Reentrancy
0x75e27509d3fb9e24a613cd89d235de8fe9404139e7d286ca8c71b4ce86c2bba1,Reentrancy
0xcc741e139d9586257f657437fe4e2348d4910f3f8612807401999b4e9828f968,Reentrancy
0x714c2b800081c349272740046c27d719039a26a3a69566516c1a14e712c4be85,Reentrancy
0x065f25a57db0750d05c9bba6c13d6702b090337b556686c191512266d0fb91de,Reentrancy
0x50e20a6b1f8e5699bed0dc4a19acc62345060f8d4781ab7861aac65acc866da0,Reentrancy
0x5b8d1fb87a66e4b51249c3dfb548941555986f4e0a8f87ba86911936ea7c1f61,Reentrancy
0xccd5ced656eb31c1898c8ac5c1426634db3b4b4acd9daff81f21f8deac8fb55b,Reentrancy
0xbffb94de7e2a0ae27f240413fbce855cc4b69be83d5d7793dc1bffcda8e836d1,Reentrancy
0x25c7b6c935125958d76ace66ef0b94bb7595c4343d9f08d40f58da9c8538c1e9,Reentrancy
0x41af661b529967c83dd61e489a0a0728378fb74a961f15b2c800637fe332c6bc,Reentrancy
0x1da09a4dab0663df6d1835d12f634ab42b861ef58b2d0e803ad2147c86f8abe8,Reentrancy
0x644e05bfa0b90b56a20e19e57da74181138813338ac461b1d17e5bde3fc675a7,Reentrancy
0xddcfac975a142e8ac01cd00eb87490cdb55e9845da2bcf1e30382b36abf44b2d,Reentrancy
0x3e8f97c98e84009c03eeab1a3a65f4e9342adc9915bcf91af81785b6dc83c177,Reentrancy
0x8589cab0a1b55cbc4a234850a9e76c7e7a6d00e52a2f2b86c3fa58c44fa054dc,Reentrancy
0x7ce5c1868df927436a44385e5a320bbc15231b39f704c3fe9a2095e36e174acb,Reentrancy
0xb22b980c9c87f590b6eda0f50c5a820395e8b9b5cc8c88f82d55d3bf9356daaa,Reentrancy
0x706f30a8f5531fffb855238026121bf1590a8844fd3bf27fcab6c9470b4723d9,Reentrancy
0x534690ba98dc8fbd9d38443b2e5410b0bcc6baec630daba4f0f971a2da37ab31,Reentrancy
0x17354790fc38dd81479da9ed9dfcd570f0e2110580c1e24958af2e6c8a01f7ca,Reentrancy
0x34a4757e104b3f827fdc17cac1b0767709a18b52945bc7fbfbbc1d5f8cef3d0f,Reentrancy